user_id,username,password,full_name,email,created_at
101,hperez548,E5ZuvFKX(X,Taylor Rodriguez,zkent@example.org,2025-03-15T11:58:22.301813Z
102,eric42501,ye*AdyF@$8,Amy Schmidt,mhardin@example.org,2025-03-15T11:58:22.528052Z
103,yjackson656,8EXwqtmc^M,Hayley Anderson,stevenjohnson@example.net,2025-03-15T11:58:22.738558Z
104,ohall167,6zL2FiQa#+,Bradley Leonard,wlawson@example.com,2025-03-15T11:58:22.95609Z
105,longpaul390,nan4nlMna+,Elijah Hebert,eriksteele@example.org,2025-03-15T11:58:23.172293Z
106,renee63686,$uDOP*OQ3m,Jill Manning,mendozamark@example.org,2025-03-15T11:58:23.39007Z
107,fstevenson966,G4VEqDy+!$,Hannah Gallagher,hernandezkelly@example.org,2025-03-15T11:58:23.605061Z
108,stephanie82950,UT&*+8Mmv#,Sandra Andrews,zimmermanvictoria@example.org,2025-03-15T11:58:23.820543Z
109,jessica19212,ZU2KdZrQw@,Samantha Clark,melissa76@example.com,2025-03-15T11:58:24.035545Z
110,ystone180,Z2W5IbTh&T,Anthony Anderson,parkssarah@example.com,2025-03-15T11:58:24.250273Z
111,smallnicholas169,+2Or!tsv)),Jasmine Johnson,hartmanshane@example.org,2025-03-15T11:58:24.470311Z
112,hwalker833,$9CKkTl)S_,Ernest Simmons,wukathy@example.net,2025-03-15T11:58:24.681652Z
113,bbrandt332,&$1jOhgg@B,Nicholas Torres,andrew91@example.org,2025-03-15T11:58:24.903325Z
114,samanthalong309,(#060XAk9f,Christopher Miranda,stevenskara@example.net,2025-03-15T11:58:25.121793Z
115,janderson558,*72YTbP7N(,Heather Harris,spencer84@example.com,2025-03-15T11:58:25.336806Z
116,ann41287,n4Iy1lzf$u,Tina Rios,scottcindy@example.org,2025-03-15T11:58:25.551542Z
117,kingjeffery570,*U4oAg!HfE,Christopher Clark,mckinneykathleen@example.net,2025-03-15T11:58:25.783105Z
118,kperez602,_t4TsCj1m1,Teresa Hall DDS,grahamjulia@example.net,2025-03-15T11:58:25.985134Z
119,xhopkins597,_+9uBIDd4y,Edwin Franklin,icarlson@example.com,2025-03-15T11:58:26.191446Z
120,lisa13339,Um9KyIL*5+,Jessica Diaz,richardthomas@example.com,2025-03-15T11:58:26.394783Z
121,ebradley854,47b&JXzt@!,Stephanie Gomez,nnelson@example.org,2025-03-15T11:58:26.620322Z
122,zharvey700,@JQGjEoX1@,Janet Rios,michellelindsey@example.com,2025-03-15T11:58:26.827571Z
123,usanchez352,t6#+23Sk$5,Patricia Ray,dakotaochoa@example.com,2025-03-15T11:58:27.042008Z
124,jennifer15884,J_4FRfvF$l,Lisa Gilbert,dbrown@example.net,2025-03-15T11:58:27.251562Z
125,huffmanbilly486,S3p0_YoS!),Mark Smith,wlynch@example.com,2025-03-15T11:58:27.462Z
126,gregorythompson567,*m98Za6F$#,John Shaw,oweber@example.net,2025-03-15T11:58:27.670522Z
127,ykim438,%_4XE54v1k,Ronald Simon,pricejames@example.org,2025-03-15T11:58:27.894563Z
128,nicholas61778,@pPp7JTm@6,Brandon Booker,rochatheresa@example.org,2025-03-15T11:58:28.132319Z
129,thompsondebra690,*sxG2K9gO(,Jason Burnett,johnstontaylor@example.net,2025-03-15T11:58:28.346791Z
130,robertwalls241,e#nT6NvjWo,Michael Quinn,sonia13@example.com,2025-03-15T11:58:28.564068Z
131,adrian33574,^4_1xjCrN#,Sara Blevins,qwerner@example.net,2025-03-15T11:58:28.786087Z
132,kelsey33287,aJa6RN)n(8,Jamie Walker,cclarke@example.net,2025-03-15T11:58:29.005084Z
133,montoyapaula352,s9HN^lfA^p,Russell Torres,frazierkyle@example.org,2025-03-15T11:58:29.217319Z
134,jthomas860,b(3Bcsnw5m,Vanessa Nelson,oburns@example.org,2025-03-15T11:58:29.433836Z
135,portiz391,A#29@R1rpx,Michelle Walker,larry58@example.org,2025-03-15T11:58:29.650533Z
136,nicole81443,)2DsIsC#*S,Dylan Russell,melissarogers@example.org,2025-03-15T11:58:29.879572Z
137,chavezmatthew638,u0r8bUzz++,Michelle Davis,millsjustin@example.net,2025-03-15T11:58:30.08404Z
138,jane65899,Mc^TkHZi)3,Wanda Cooper,madison90@example.net,2025-03-15T11:58:30.292471Z
139,fcooke471,#9(Yi%yZea,Brian Burke,tgardner@example.com,2025-03-15T11:58:30.499922Z
140,toni34668,wA6Qb!6tW@,Robert Smith,osullivan@example.org,2025-03-15T11:58:30.715291Z
141,rebecca82686,asC1X^wpn^,Mark Davila,richardsanchez@example.org,2025-03-15T11:58:30.93283Z
142,tsmith948,+HBkjKU&0D,Jeff Mcdowell,kevin78@example.net,2025-03-15T11:58:31.162032Z
143,jblackwell622,#^^4Ft9WDr,Miss Patricia Rivas MD,cisnerosdouglas@example.com,2025-03-15T11:58:31.376565Z
144,meganhutchinson133,^d6MN5AqA),Shawn Lara,odonnellgregory@example.net,2025-03-15T11:58:31.5936Z
145,stephanie66221,QX@0TeUx4q,Rachel Burgess,lawsonmary@example.org,2025-03-15T11:58:31.833301Z
146,wlopez903,(gNXD0Tf$3,Robin Hayden,stephenphillips@example.com,2025-03-15T11:58:32.046042Z
147,jeremiahgomez153,oF%c7XnZa_,Crystal Jones,johnsonjohn@example.com,2025-03-15T11:58:32.300361Z
148,williamskatrina676,+1v0OUBtAI,Samuel Grimes,lopezphilip@example.org,2025-03-15T11:58:32.516547Z
149,shelly40964,+z5LqX4sb4,Anita Torres,bgomez@example.com,2025-03-15T11:58:32.732529Z
150,zparker975,I6EICmka_F,Jennifer Miller,joseph60@example.com,2025-03-15T11:58:32.961875Z
151,meyerlisa740,%4JJX&pCCT,Wayne Booth,alexander12@example.net,2025-03-15T11:58:33.17908Z
152,brandi76719,s2SZ)SXe+S,Juan Small,sandrahogan@example.com,2025-03-15T11:58:33.384084Z
153,brookesherman925,@EoNgUbXR5,Joseph Ball,tarabradley@example.net,2025-03-15T11:58:33.597627Z
154,pmartinez359,^SlIoxr2(5,Chloe Huynh,acarrillo@example.com,2025-03-15T11:58:33.815847Z
155,gregoryward879,8A8ZfK6z#l,Jacob Graham,torresperry@example.net,2025-03-15T11:58:34.03344Z
156,david13708,4_7fIAztlh,Amber Allen,martin96@example.org,2025-03-15T11:58:34.252077Z
157,reynoldsdonna218,&^T0VdDdJp,Ashley Perry,melissa73@example.net,2025-03-15T11:58:34.465812Z
158,cassandrabrown820,(3csorbpwC,Nathan Morales,fcochran@example.net,2025-03-15T11:58:34.671396Z
159,michael12700,I!P8KCwwVy,Lauren Johnson,darrenmartinez@example.com,2025-03-15T11:58:34.874795Z
160,barbara04445,*V#Fo4*a19,Susan Smith,burtonscott@example.org,2025-03-15T11:58:35.078419Z
161,amynguyen276,$@x4IUjlHl,David Jones,juarezrebecca@example.com,2025-03-15T11:58:35.294503Z
162,nfernandez860,$5ePXoYrM),Bryan Morrison,daniel86@example.org,2025-03-15T11:58:35.509502Z
163,gregory10877,&0V4GocdVH,Mark Cooper,klee@example.net,2025-03-15T11:58:35.722756Z
164,phamdaniel610,#hC4bMrT0o,William Moran,campbellkeith@example.net,2025-03-15T11:58:35.943248Z
165,martinrobert116,gV6PibUMV_,Heidi Kirk,phyllismitchell@example.net,2025-03-15T11:58:36.159994Z
166,carrderek647,C*0A)j*zXY,David Diaz,jessica59@example.org,2025-03-15T11:58:36.37599Z
167,jenniferwhite969,@n%!S0pFT4,William Spencer,sandradavies@example.net,2025-03-15T11:58:36.590177Z
168,nmorales566,$&2Ud(drML,Jason Cook,alejandrogonzalez@example.org,2025-03-15T11:58:36.807768Z
169,derrickchurch334,#50d2TZwtb,Ashley Gomez,ajenkins@example.com,2025-03-15T11:58:37.019481Z
170,dstewart641,u+H6vX!y+i,Hannah Porter,kevin59@example.net,2025-03-15T11:58:37.235816Z
171,mrice203,Vl(X44Gk_l,Jordan Parsons,franklinluis@example.org,2025-03-15T11:58:37.452621Z
172,kyoung943,@3kC72Bt!_,Jeffrey Thomas,sprice@example.org,2025-03-15T11:58:37.668747Z
173,freemanlisa937,@WOL6$ar6t,Chad Richards,ograham@example.net,2025-03-15T11:58:37.883613Z
174,kellyfritz372,5fXeWlYN_8,Wendy Aguilar,kkeller@example.org,2025-03-15T11:58:38.089342Z
175,brian92679,*FBi0a@k%4,Ryan Wilson,todd22@example.com,2025-03-15T11:58:38.301827Z
176,david26621,)fZ9ELudU@,Jeffrey Paul,rosewarren@example.net,2025-03-15T11:58:38.517275Z
177,gwilliams556,(5TLobxFUq,Charlene Robertson,colleenjohnson@example.com,2025-03-15T11:58:38.727373Z
178,caseyaaron235,!$9XpGx7#4,Jennifer Benjamin,davidfrancis@example.com,2025-03-15T11:58:38.938578Z
179,collinsandrew534,*a4gHzFeca,Barry Mora,ljohnson@example.net,2025-03-15T11:58:39.156844Z
180,vlogan493,@02E$BNoVd,Emily Nelson,kimberly98@example.com,2025-03-15T11:58:39.374053Z
181,aimee16562,C9Sm*Me@$2,Dana Wallace,zwright@example.com,2025-03-15T11:58:39.591323Z
182,leslie92954,kJEpBoHa%9,Tamara Manning,susanbrown@example.net,2025-03-15T11:58:39.805074Z
183,cball761,4J0X4O3gp*,Angela Miller,hughesjacob@example.net,2025-03-15T11:58:40.016018Z
184,angela81518,#34AzXg8*#,Kristina Walker,kellycole@example.com,2025-03-15T11:58:40.227536Z
185,smithdenise908,j!XBHJbO(2,Mary Chen,garciajeff@example.org,2025-03-15T11:58:40.436799Z
186,matthew08439,^4_LrdhG#d,Victoria Hernandez,chenjohn@example.net,2025-03-15T11:58:40.656996Z
187,efarrell465,M+1U8Ef#(9,Michael Bennett,rmartinez@example.com,2025-03-15T11:58:40.872298Z
188,briggspeter765,v0sWXdmC&c,Peter Ray,zmccormick@example.com,2025-03-15T11:58:41.087011Z
189,valeriepatterson226,$J7Mflpo!x,Brad Salazar,trodriguez@example.org,2025-03-15T11:58:41.30326Z
190,katelyn81647,0qxnFOYy#6,Crystal Brown,eric80@example.com,2025-03-15T11:58:41.520981Z
191,karen54235,_fGDmsqDU2,Amy Hensley,johnsonrachael@example.net,2025-03-15T11:58:41.735506Z
192,brittanyhill478,_Gq4BnFIZ!,Mr. Allen Young,carpenterjohn@example.org,2025-03-15T11:58:41.956525Z
193,ybrown887,64DqRg*F%H,Joshua Drake,bradley64@example.com,2025-03-15T11:58:42.169087Z
194,rlang716,0mH*5vCsM9,Harold Norris,usolomon@example.com,2025-03-15T11:58:42.384548Z
195,unelson177,ya8d$ROKF&,Charles Scott,jeanetteirwin@example.org,2025-03-15T11:58:42.603348Z
196,zmartinez904,ew#PpEvU)0,Jonathan Shannon,jacksonandrew@example.org,2025-03-15T11:58:42.818536Z
197,andreacurry490,!$hn*2As*+,Joshua Pearson,zmcdonald@example.net,2025-03-15T11:58:43.03334Z
198,solischristopher786,_gJWs_pd%8,Patrick Parker,bassnicole@example.net,2025-03-15T11:58:43.250313Z
199,pwright339,%tMggOlIM0,Tanya Bennett,maddoxalicia@example.com,2025-03-15T11:58:43.460812Z
200,matthew92535,^7CRnYZL$O,Miguel Sanchez,sharondurham@example.org,2025-03-15T11:58:43.673545Z
